Workbook

Sheet Key papers
A1: Study | B1: Year | C1: Continent | D1: Plant community | E1: Plant types | F1: Type | G1: Number of sites | H1: Metric | I1: Metric scale | J1: Time-scale | K1: Spatial-scale | L1: Precipitation | M1: Precipitation scale | N1: Temperature | O1: Temperature scale | P1: Soil texture | Q1: Soil texture scale | R1: ITE = Woody plants | S1: Supports ITE | T1: Key ITE insights | U1: Comments | V1: Keep
A2: (Mensah et al., 2023) | B2: 2023 | C2: Africa | D2: tree/shrub savanna | E2: trees, shrubs | F2: Field study | G2: 209 | H2: Above ground carbon | I2: 0.1 ha plots | J2: single sampling date | K2: regional | L2: low MAP: 740-942 mm, high MAP: 1119-1364 mm | M2: 1 km | N2: 24.6-28.9 C | O2: 1 km | P2: Sand: 30-64.4%; Clay: 17.9-36.9% | Q2: 250 m | R2: No | S2: Yes | T2: Sand had positive and silt had negative effect on AGC for both wet and dry sites. Clay had negative effect at dry sites and neutral effect at wet sites. | V2: …
A3: (Gao and Li, 2023) | B3: 2023 | C3: Asia | D3: temperate grassland | E3: grasses, shrubs, and forbs | F3: Remote-sensing | G3: 6851 | H3: NDVI | I3: 1 km pixels | J3: average annual, average growing-season, average non-growing season; annual | K3: regional | L3: 50-370 mm | M3: 4 km | N3: -2-4 C | O3: 4 km | P3: Coarse: >50% sand; Fine: <50% sand | Q3: 250 m | R3: Partial | S3: Yes | T3: Cross-over point depended on annual precipitation: lower in dry years and higher in wet years. No evidence of ITE for non-growing season precipitation. | V3: Yes
A4: (Zhu et al., 2022) | B4: 2022 | C4: Global | D4: global drylands | E4: all | F4: Remote-sensing | G4: - | H4: NDVI | I4: 0.05 degree pixels (~6 km at equator) | J4: annual | K4: global | L4: - | M4: ~56 km | N4: NA | O4: NA | P4: - | Q4: ~1 km | R4: No | S4: Yes | T4: Precipitation is more effective on coarser-textured soils in arid and semi-arid ecosystems, and this effect is less important in sub-humid regions. | V4: Yes
A5: (Küçük et al., 2022) | B5: 2022 | C5: Africa | D5: all | E5: all | F5: Remote-sensing | G5: - | H5: Fractional vegetation cover | I5: 5 km | J5: annual | K5: continental | L5: Used root-zone soil moisture instead of precipitation | M5: ~27 km | N5: NA | O5: NA | P5: - | Q5: 5 km | R5: No | S5: No | T5: - | U5: Root-zone soil moisture may obscure soil texture effects because it is percentage moisture content--which does not account for differences in matric potential across soil types. | V5: No
A6: (Gupta et al., 2022) | B6: 2022 | C6: Global | D6: temperate and arid climate regions | E6: all | F6: Field study | G6: 79 | H6: Crop yeild from literature and GPP from FluxNET sites | I6: field to ~0.1 km | J6: annual | K6: global | L6: - | M6: 10 km | N6: - | O6: ~1 km | P6: - | Q6: 0.25 km | R6: No | S6: Yes | T6: ITE may not apply to crops because of the mismatch between rooting depth and patterns of soil water availability. Texture effects are stronger in dry than in wet years for crops. ITE supported for GPP in natural vegetation during both wet and dry years. | V6: Yes
A7: (Gupta et al., 2022) | B7: 2022 | C7: Global | D7: temperate and arid climate regions | E7: all | F7: Remote-sensing | G7: - | H7: GPP | I7: 0.5 km | J7: annual | K7: global | L7: - | M7: 10 km | N7: - | O7: ~1 km | P7: - | Q7: 0.25 km | R7: No | S7: No | T7: Coarse-scale analysis based on remote-sensing data may obscure effects from soil texture and other variables that vary at a finer scale than the analysis. | U7: Notes interesting observation that in Africa precipitation and temperature and negatively correlated but this is not so in US. | V7: Yes
A8: (Holdo et al., 2020) | B8: 2020 | C8: Africa | D8: savanna | E8: trees, grass | F8: Field study | G8: 8 | H8: Tree cover, grass biomass | I8: 30 m (tree cover); 1 m2 (grass biomass) | J8: hourly (soil moisture) | K8: local | L8: Used soil moisture time series from installed sensors | M8: - | N8: NA | O8: NA | P8: Estimated soil water retention curve from field samples | Q8: 16 samples per site | R8: Yes | S8: Yes | T8: Treed and herbaceous habitat had similar peak soil water content following precipitation events, but treed habitats had faster drainage. No difference in grass biomass between woody and herbaceous habitats (ITE not detected). | V8: Yes
A9: (Renne et al., 2019) | B9: 2019 | C9: North America | D9: shrubland | E9: all | F9: Field study | G9: 2084 | H9: plant cover | I9: 2827 m2 | J9: single sampling date | K9: regional | L9: 116-935 mm | M9: 1 km | N9: - | O9: 1 km | P9: very fine (<10% sand), fine (>10% & <50% sand), coarse (>50% & <80% sand), very coarse (>80% sand) | Q9: site-specific | R9: No | S9: Yes | T9: Interaction of soil texture and precipitation depends on plant functional type, precipitation seasonality. ITE is most easily detected at the extremes of soil texture. ITE affects plant cover and plant community structure. | V9: Yes
A10: (Ji et al., 2019) | B10: 2019 | C10: North America | D10: shrubland, grassland | E10: shrubs | F10: Remote-sensing | G10: - | H10: shrub cover | I10: 100 m | J10: single sampling date | K10: local | L10: 203-250 mm | M10: - | N10: NA | O10: NA | P10: 11-42% clay | Q10: 250 m | R10: Yes | S10: Mixed | T10: Very coarse soils may support lower cover in some cases due to low nutrient content and/or surface stability. | V10: Yes
A11: (Hoover et al., 2015) | B11: 2015 | C11: North America | D11: shrubland | E11: shrubs, grasses | F11: Field study | G11: 40 | H11: plant cover | I11: 150 x 200 cm | J11: annual | K11: regional | L11: 30-115 mm | M11: - | N11: NA | O11: NA | P11: 32-93% sand | Q11: site-specific | R11: No | S11: Mixed | T11: Cover was higher on sandy soils but no evidence of ITE during drought events. | V11: Yes
A12: (Fensham et al., 2015) | B12: 2015 | C12: Australia | D12: all | E12: trees | F12: Remote-sensing | G12: 116191 | H12: woody biomass | I12: - | J12: single sampling date | K12: continental | L12: 250-750 mm | M12: ~5.5 km | N12: - | O12: ~5.5 km | P12: clay (>40% clay), non-clay (≤40% clay) | Q12: - | R12: Yes | S12: Yes | T12: ITE affects woody plant cover across 70% of the Australian continent. Crossover point depends on potential evapotranspiration (PET): higher PET means a higher crossover point. | V12: Yes
A13: (Fensham et al., 2015) | B13: 2015 | C13: Australia | D13: woodland | E13: trees | F13: Field study | G13: 9 | H13: tree mortality | I13: 707 m2 | J13: single sampling date | K13: local | L13: 500 mm | M13: site-specific | N13: NA | O13: NA | P13: compared sites with abrupt clay increase vs. gradual clay increase with depth | Q13: site-specific | R13: Yes | S13: Yes | T13: Proposes differences in matric potential between fine and coarse soils at the same soil water content is important driver of ITE and tree mortality during drought. | V13: Yes
A14: (Yang et al., 2009) | B14: 2009 | C14: Asia | D14: grassland | E14: all | F14: Remote-sensing | G14: - | H14: above ground biomass | I14: ~11 km | J14: 2011-2014 | K14: regional | L14: 100-600 mm | M14: ~11 km | N14: - | O14: ~11 km | P14: - | Q14: - | R14: No | S14: Yes | T14: ITE affects aboveground biomass in high elevation temperate grasslands, with AGB higher on coarse soils below 200 mm groiwng-season precipitation and on fine soils above that amount. Temperature effects depend on precipitation level (negative at low precipitation, positive at high). | U14: Note here about temperature effect between sites that are heat versus cold limited. | V14: Yes
A15: (Caylor et al., 2009) | B15: 2009 | C15: Africa | D15: savanna | E15: trees | F15: modeling | G15: - | H15: tree size and spacing | I15: NA | J15: NA | K15: NA | L15: 400 mm | M15: NA | N15: 6 mm/day potential evapotranspiration rate | O15: NA | P15: Sandy and clay soils (not clearly defined) | Q15: NA | R15: No | S15: Mixed | T15: Stand structure may result from silmutaneous avoidance of water stress and maximization of water use. Sandy soils tend to have larger, widely spaced trees, while clay soils have smaller, denser trees (mixed agreement with ITE). Proposes that although field capacity is higher on clays than sands, dryland soils are rarely at field capacity, and sands have greater water availability under dry conditions (low soil water content). | U15: This is more of a plant's eye view of soil water and stress. | V15: Yes
A16: (Buyantuyev and Wu, 2009) | B16: 2009 | C16: North America | D16: desert scrub | E16: all | F16: Remote-sensing | G16: - | H16: aboveground net primary production | I16: 250 m | J16: annual | K16: local | L16: 180 mm | M16: NA | N16: 30.8 C mean summer temperature | O16: - | P16: - | Q16: - | R16: No | S16: Yes | T16: Productivity of natural vegetation on sandy soil was most strongly correlated with vegetation, and correlations were lower in wet and dry years. | V16: Yes
A17: (Weng and Luo, 2008) | B17: 2008 | C17: North America | D17: grassland | E17: grass | F17: modeling | G17: - | H17: proportional flows of water to evaporation, transpiration, and runoff | I17: NA | J17: annual | K17: NA | L17: 804 mm , 402 mm, 1006 mm; each simulated with ambient and high intensity scenarios | M17: NA | N17: 16 C, 18 C | O17: NA | P17: sand, sandy loam, loam, silt loam, clay loam | Q17: NA | R17: No | S17: Yes | T17: Clear trade-off between evaporation and drainage (called "runoff" in this model) along gradient from coarse to fine soil texture. At low precipitation: evaporation was most important water loss from finer soils and drainage was most important loss on coarse soils. At high precipitation: drainage was most important loss across soil textures, with greatest losses on coarsest soils. Transpiration was slightly higher on sand than clay loam at low precipitation, but was greatest on loam.Transpiration was lowest on coarse soils for higher precipitation. High intensity precipitation tended to result in greater losses to drainage and slightly lower evaporation--with net effect of lower transpiration in most cases. | V17: Yes
A18: (Petersen 2008) | B18: 2008 | C18: Africa | D18: NA | E18: NA | F18: Field study | G18: 1 | H18: soil moisture by depth | I18: NA | J18: event | K18: local | L18: NA | M18: NA | N18: NA | O18: NA | P18: dune (coarse) and interdune (fine) | Q18: NA | R18: No | S18: Yes | T18: Coarse soils were wetter, dried more slowly, and had deeper percolation than fine soils. | V18: Yes
A19: (Lauenroth et al., 2008) | B19: 2008 | C19: North America | D19: grassland | E19: all | F19: Field study | G19: 1 | H19: aboveground net primary production | I19: NA | J19: annual | K19: local | L19: 300-600 mm | M19: NA | N19: NA | O19: NA | P19: sand and clay | Q19: NA | R19: No | S19: Yes | T19: Slope of relationship between mean annual precipitation and average annual aboveground net primary production is steeper on clay than sand. | V19: Yes
A20: (Bucini and Hanan, 2007) | B20: 2007 | C20: Africa | D20: savanna | E20: trees | F20: Remote-sensing | G20: 13416 | H20: Tree cover | I20: 500 m | J20: single sampling date | K20: continental | L20: 11-2192 mm | M20: ~5.5 km | N20: NA | O20: NA | P20: fine, medium, coarse | Q20: ~111 km | R20: Yes | S20: No | T20: Fine textured soils had higher tree cover than coarse textured soils throughout the precipitation gradient above 300 mm. No differences below 300 mm. | V20: Yes
A21: (Begzsuren, 2007) | B21: 2007 | C21: Asia | D21: grassland, shrubland | E21: all | F21: Field study | G21: 41 | H21: plant cover and aboveground biomass | I21: 40 x 120 m | J21: single sampling date | K21: local | L21: 117 mm | M21: NA | N21: NA | O21: NA | P21: coarse (loamy sand, sand), moderately-coarse (sandy loam), medium (loam), moderately-fine (silty clay loam) | Q21: - | R21: No | S21: No | T21: Aboveground biomass and cover were not significantly related to soil sand percentage. | U21: Maybe because land degradation was confounding factor or other small-scale variables? | V21: No
A22: (Fravolini et al., 2005) | B22: 2005 | C22: North America | D22: shrubland | E22: shrub | F22: Field study | G22: 2 | H22: soil water dynamics and water stress | I22: NA | J22: event | K22: local | L22: 430 mm (loamy-clay site); 394 (sandy-loam site) | M22: NA | N22: NA | O22: NA | P22: loamy-clay and sandy-loam | Q22: NA | R22: No | S22: Yes | T22: Wetting front was deeper at sandy-loam site with large (35 mm) and small (10 mm) events. Large events flushed into deeper soil quickly, small events percolated slowly. Water uptake decreased more rapidly on loamy-clay after large event. Large event was effective for both sites, but small event was much more effective on coarser-textured site. | V22: Yes
A23: (Fernandez-Illescas et al., 2001) | B23: 2001 | C23: North America | D23: shrubland, grassland | E23: shrub, grass | F23: modeling | G23: - | H23: soil water dynamics and water stress | I23: NA | J23: annual | K23: local | L23: 700 mm | M23: NA | N23: 22.4 C | O23: NA | P23: all 12 soil texture classes | Q23: NA | R23: No | S23: Yes | T23: Drainage can be greater for shallow- than deep-rooted species, depending on climate and soil. Grasses experience stress less often but enter stressed conditions more often. Shrubs spend more time stressed, but experience fewer fluctuations. Both grasses and trees do better on coarse soils under dry conditions, and this shifts to fine soils as moisture increases. Coarser soils require smaller inputs to transition from below wilting point to unstressed conditions. | U23: This is more of a plant's eye view of soil water and stress. | V23: Yes
A24: (Laio et al., 2001) | B24: 2001 | C24: North America | D24: grassland | E24: grass | F24: modeling | G24: - | H24: water stress | I24: NA | J24: annual | K24: local | L24: 320 mm | M24: NA | N24: NA | O24: NA | P24: sand, clay, silt loam | Q24: NA | R24: No | S24: Yes | T24: Dominant grass is very sensitive to soil texture under dry conditions, and spends less time in stressed conditions on sand than clay or silt loam. Sensitivity to soil texture decreases under wetter conditions, and it is slighly less stressed on finer soils. Annual precipitation of about 370 mm is the crossover point for grass performance on sand versus other soils. | U24: This is more of a plant's eye view of soil water and stress. | V24: Yes
A25: (Lane et al. 1998) | B25: 1998 | C25: North America | D25: grassland | E25: grasses, shrubs, and forbs | F25: Field study | G25: 14 | H25: aboveground net primary production, community composition | I25: 0.25 m2 | J25: annual | K25: regional | L25: 333-759 mm | M25: NA | N25: 9-11 C | O25: NA | P25: coarse: ≥80% sand; fine: <60% sand | Q25: NA | R25: No | S25: No | T25: Soil texture may be more relevant for community composition (e.g., relative abundance of functional types) than aboveground net primary production. | V25: Yes
A26: (Epstein et al., 1997) | B26: 1997 | C26: North America | D26: grassland | E26: all | F26: Field study | G26: - | H26: aboveground net primary production | I26: - | J26: average annual | K26: regional | L26: 250-1150 mm | M26: NA | N26: - | O26: - | P26: all | Q26: NA | R26: No | S26: Yes | T26: Soil texture was more important than MAT at driest (below 400 mm MAP) and wettest (>700 mm MAP) sites, but MAT was more important at sites with MAP 400-800 mm. MAT was not an important predictor above 800 mm MAP. MAT had negative relationship with ANPP up to 800 mm. Crossover appears to be 800 to 850 mm | V26: Yes
A27: (Liang et al., 1989) | B27: 1989 | C27: North America | D27: grassland | E27: all | F27: Field study | G27: 5 | H27: biomass and water use efficiency | I27: 0.25 m2 | J27: annual | K27: local | L27: 320 mm | M27: NA | N27: NA | O27: NA | P27: sandy-loam, loam, clay, clay-loam, sandy-clay loam | Q27: NA | R27: No | S27: Yes | T27: Above and belowground biomass increased with shrub component. Grass production was not significantly different among sites. Shrub biomass was greater on coarse-textured sites. Soil water loss was greater from fine- than coarse-textured soils. | V27: Yes
A28: (Sala et al., 1988) | B28: 1988 | C28: North America | D28: grassland | E28: all | F28: Field study | G28: 9498 | H28: aboveground net primary production | I28: 17.8-89.2 dm2 | J28: average annual | K28: regional | L28: 250-1300 mm | M28: NA | N28: NA | O28: NA | P28: all | Q28: NA | R28: No | S28: Yes | T28: Relationship between MAP and ANPP depends on soil texture. Coarse soils are favorable below 370 mm MAP and fine soils are favorable above this point. | V28: Yes
R29: =ROUND(COUNTIF(R2:R28,"Yes")/(27)*100,1) -> 18.5 | S29: =ROUND(COUNTIF(S2:S28,"No")/(27)*100,1) -> 18.5
A30: 25 unique studies, 27 cases | C30: {=_xlfn.UNIQUE(C2:C28)} -> Africa | D30: =COUNTIF($C$2:$C$28,C30) -> 6 | F30: {=_xlfn.UNIQUE(F2:F28)} -> Field study | G30: =COUNTIF($F$2:$F$28,F30) -> 14 | R30: % ITE = woody | S30: % no ITE
C31: Asia | D31: =COUNTIF($C$2:$C$28,C31) -> 3 | F31: Remote-sensing | G31: =COUNTIF($F$2:$F$28,F31) -> 9
C32: Global | D32: =COUNTIF($C$2:$C$28,C32) -> 3 | F32: modeling | G32: =COUNTIF($F$2:$F$28,F32) -> 4
C33: North America | D33: =COUNTIF($C$2:$C$28,C33) -> 13
C34: Australia | D34: =COUNTIF($C$2:$C$28,C34) -> 2

Sheet All papers
A1: Year | B1: Author | C1: Title | D1: Publication | E1: Continent | F1: Approach | G1: Plant types | H1: Type | I1: ITE = Woody plants | J1: Supports ITE | K1: Investigation | L1: ITE Results
A2: 1988 | B2: Sala, O. E.; Parton, W. J.; Joyce, L. A.; Lauenroth, W. K. | C2: Primary Production of the Central Grassland Region of the United States | D2: Ecology | E2: North America | F2: Compared ANPP across soil types along precipitation gradient | G2: all | H2: field study | I2: No | J2: Yes | K2: Yes | L2: Relationship between MAP and ANPP depends on soil texture. Coarse soils are favorable below 370 mm MAP and fine soils are favorable above this point.
A3: 1989 | B3: Liang, Y. M.; Hazlett, D. L.; Lauenroth, W. K. | C3: Biomass dynamics and water use efficiencies of five plant communities in the shortgrass steppe | D3: Oecologia | E3: North America | F3: Compared biomass and water use efficiency across 5 plant communities in short grass steppe | G3: all | H3: field study | I3: No | J3: Yes | K3: Yes | L3: Above and belowground biomass increased with shrub component. Grass production was not significantly different among sites. Shrub biomass was greater on coarse-textured sites.
A4: 1989 | B4: Tongway, D. J.; Ludwig, J. A.; Whitford, W. G. | C4: Mulga log mounds: Fertile patches in the semi-arid woodlands of eastern Australia | D4: Australian Journal of Ecology | E4: Australia | F4: Compared standing crop biomass between log-associated soil mounds and open areas. | G4: shrubs, grasses, forbs | H4: field study | I4: No | J4: Yes | K4: No | L4: Mounds of soil/termite galleries in mounds are enriched in sand, with faster infiltration and higher standing biomass than adjacent areas.
A5: 1997 | B5: Burke, Ingrid C.; Lauenroth, William K.; Parton, William J. | C5: Regional and temporal variation in net primary production and nitrogen mineralization in grasslands | D5: Ecology | E5: North America | F5: Compared ANPP across gradients of precipitation, temperature, soil texture, and nitrogen. | G5: all | H5: modeling | I5: No | J5: No | K5: No | L5: Effects of soil texture on N mineralization tend to be small, particularly at low precipitation (~300 mm), as increased N-turnover due to decomposition on sandy soil and decreased organic matter storage tend to balance out.
A6: 1997 | B6: Dodd, M. B.; Lauenroth, W. K. | C6: The influence of soil texture on the soil water dynamics and vegetation structure of a shortgrass steppe ecosystem | D6: Plant Ecology | E6: North America | F6: Compared annual ANPP across 3 sites over 4 years. | G6: shrubs, grasses, forbs | H6: field study | I6: No | J6: Yes | K6: No | L6: ANPP was consistent with ITE in 3 of 4 years. Higher productivity on coarser soils was associated with woody plants, while grass biomass was similar across soils. Plants were taller on coarse- than fine-textured sites.
A7: 1997 | B7: Epstein, H. E.; Lauenroth, W. K.; Burke, I. C. | C7: Effects of temperature and soil texture on ANPP in the U.S. Great Plains | D7: Ecology | E7: North America | F7: Compared average ANPP across soil types by binning MAP into 100 mm increments. Also tested for relationship between ANPP and MAT. | G7: all | H7: field study | I7: No | J7: Yes | K7: Yes | L7: Soil texture was more important than MAT at driest (below 400 mm MAP) and wettest (>700 mm MAP) sites, but MAT was more important at sites with MAP 400-800 mm and was not important above 800 mm MAP. MAT had a negative effect on ANPP where relevant. Crossover occurs between 800 and 850 mm MAP.
A8: 1998 | B8: Lane, Diana R.; Coffin, Debra P.; Lauenroth, William K. | C8: Effects of soil texture and precipitation on above-ground net primary productivity and vegetation structure across the Central Grassland region of the United States | D8: Journal of Vegetation Science | E8: North America | F8: Compared annual ANPP across 14 sites in the central grasslands of the U.S. over two years. | G8: all | H8: field study | I8: No | J8: No | K8: Yes | L8: ITE not detected in either year. Soil texture may be more relevant for community composition (e.g., relative abundance of functional types) than aboveground net primary production.
A9: 2000 | B9: Nouvellon, Yann; Rambal, Serge; Seen, D. Lo; Moran, M. Susan; Lhomme, Jean-Paul; Begue, Agnes; Chehbouni, A. Ghani; Kerr, Yann | C9: Modelling of daily fluxes of water and carbon from shortgrass steppes | D9: Agricultural and Forest Meteorology | E9: North America | F9: Compared simulated T/AET ratio across soil textures for a site in southwestern U.S. | G9: grasses | H9: modeling | I9: No | J9: Yes | K9: No | L9: Reducing field capacity of 0-15 cm soil layers increased infiltration, reduced evaporation, and increased T/AET and water use efficiency.
A10: 2001 | B10: Fernandez-Illescas, Coral Pilar; Porporato, Amilcare; Laio, Franscesco; Rodriguez-Iturbe, Ignacio | C10: The ecohydrological role of soil texture in a water-limited ecosystem | D10: Water Resources Research | E10: North America | F10: Investigated soil texture and precipitation effects on shrub and grass species in subtropical dryland. | G10: grass, shrub | H10: modeling | I10: No | J10: Yes | K10: Yes | L10: Both grasses and trees do better on coarse soils under dry conditions, and this shifts to fine soils as moisture increases. Coarser soils require smaller water inputs to transition from below wilting point to unstressed conditions. Drainage can be greater for shallow- than deep-rooted species, depending on climate and soil.
A11: 2001 | B11: Laio, Francesco; Porporato, Amilcare; Fernandez-Illescas, C. P.; Rodriguez-Iturbe, I. | C11: Plants in water-controlled ecosystems: active role in hydrologic processes and response to water stress: IV. Discussion of real cases | D11: Advances in Water Resources | E11: North America | F11: Investigated how annual precipitation affects stress and favorability to the dominant grass in the shortgrass steppe between wet and dry years across different soil textures. | G11: grass | H11: modeling | I11: No | J11: Yes | K11: Yes | L11: Dominant grass is very sensitive to soil texture under dry conditions, and spends less time in stressed conditions on sand than clay or silt loam. Annual precipitation of about 370 mm is the crossover point for grass performance on sand versus other soils.Sensitivity to soil texture decreases under wetter conditions, and it is slighly less stressed on finer soils.
A12: 2003 | B12: Brown, G.; Al-Mazrooei, S. | C12: Rapid vegetation regeneration in a seriously degraded Rhanterium epapposum community in northern Kuwait after 4 years of protection | D12: Journal of Environmental Management | E12: Asia | F12: Compared shrub, grass, and annual plant cover between grazed sites and sites protected from grazing for 4 years. | G12: shrubs, grasses, forbs | H12: field study | I12: No | J12: Yes | K12: No | L12: Vegetation recovery was much greater on coarse- than fine-textured soils.
A13: 2005 | B13: Fravolini, Alessandra; Hultine, Kevin R.; Brugnoli, Enrico; Gazal, Rico; English, Nathan B.; Williams, David G. | C13: Precipitation pulse use by an invasive woody legume: the role of soil texture and pulse size | D13: Oecologia | E13: North America | F13: Compared soil water dynamics after small and large precipitation pulshes between sites with coarse- and fine-textured soils. | G13: tree | H13: field study | I13: No | J13: Yes | K13: Yes | L13: Wetting front was deeper on coarse- than fine-textured soil with large (35 mm) and small (10 mm) events. Large events flushed into deeper soil quickly, small events percolated slowly. Water uptake decreased more rapidly on fine-textured soil after large event. Large event was effective for both sites, but small event was much more effective on coarser-textured site.
... A90: 2024 | B90: Biancari, Lucio; Aguiar, Martin R.; Eldridge, David J.; Onatibia, Gaston R.; Le Bagousse-Pinguet, Yoann; Saiz, Hugo; Gross, Nicolas; Austin, Amy T.; Ochoa, Victoria; Gozalo, Beatriz; Asensio, Sergio; Guirado, Emilio; Valencia, Enrique; Berdugo, Miguel; Plaza, Cesar; Martinez-Valderrama, Jaime; Mendoza, Betty J.; Garcia-Gomez, Miguel; Abedi, Mehdi; Ahumada, Rodrigo J.; Alcantara, Julio M.; Amghar, Fateh; Anadon, Jose D.; Aramayo, Valeria; Arredondo, Tulio; Bader, Maaike Y.; Bahalkeh, Khadijeh; Salem, Farah Ben; Blaum, Niels; Boldgiv, Bazartseren; Bowker, Matthew; Branquinho, Cristina; Bu, Chongfeng; Byambatsogt, Batbold; Calvo, Dianela A.; Castillo Monroy, Andrea P.; Castro, Helena; Castro-Quezada, Patricio; Chibani, Roukaya; Conceicao, Abel A.; Currier, Courtney M.; Donoso, David A.; Dougill, Andrew; Ejtehadi, Hamid; Espinosa, Carlos I.; Fajardo, Alex; Farzam, Mohammad; Ferrante, Daniela; Fraser, Lauchlan H.; Gaitan, Juan J.; Gherardi, Laureano A.; Gusman-Montalvan, Elizabeth; Hernandez-Hernandez, Rosa M.; Holzel, Norbert; Huber-Sannwald, Elisabeth; Hughes, Frederic M.; Jadan, Oswaldo; Jeltsch, Florian; Jentsch, Anke; Ju, Mengchen; Kaseke, Kudzai F.; Kindermann, Liana; Kobel, Melanie; Le Roux, Peter C.; Liancourt, Pierre; Linstadter, Anja; Liu, Jushan; Louw, Michelle A.; Maggs-Kolling, Gillian; Issa, Oumarou Malam; Marais, Eugene; Margerie, Pierre; Messeder, Joao Vitor S.; Mora, Juan P.; Moreno, Gerardo; Munson, Seth M.; Oliva, Gabriel; Pueyo, Yolanda; Quiroga, R. Emiliano; Reed, Sasha C.; Rey, Pedro J.; Rodriguez, Alexandra; Rodriguez, Laura B.; Rolo, Victor; Ruppert, Jan C.; Sala, Osvaldo; Salah, Ayman; Stavi, Ilan; Stephens, Colton R. A.; Swemmer, Anthony M.; Teixido, Alberto L.; Thomas, Andrew D.; Throop, Heather L.; Tielborger, Katja; Travers, Samantha K.; Van Den Brink, Liesbeth; Wagner, Viktoria; Wamiti, Wanyoike; Wang, Deli; Wang, Lixin; Wolff, Peter; Yahdjian, Laura; Zaady, Eli; Maestre, Fernando T. | C90: Drivers of woody dominance across global drylands | D90: Science Advances | E90: Global | F90: Compared relative abundance of shrubs between coarse- and fine-textured soils across a precipitation gradient. | G90: shrubs | H90: field study | I90: No | J90: No | K90: No | L90: Shrub dominance occurred on fine-textured soils below ~380 mm MAP and on coarse-textured soils above this point, suggesting the opposite of the ITE.
A91: Note: "field study" refers to studies that collected original field data and those that used existing datasets.

Sheet Summary
A1: Journal | B1: Count | D1: Continent | E1: Count | G1: Vote | H1: Count | J1: Woody plants | K1: Count | M1: Investigation | N1: Count | P1: Type | Q1: Count
A2: Journal of Arid Environments | B2: =COUNTIF('All papers'!$D$2:$D$90,A2) -> 6 | D2: {=_xlfn.UNIQUE('All papers'!E2:E90)} -> North America | E2: =COUNTIF('All papers'!E$2:E$90,Summary!D2) -> 47 | G2: {=_xlfn.UNIQUE('All papers'!J$2:J$90)} -> Yes | H2: =COUNTIF('All papers'!J$2:J$90,Summary!G2) -> 52 | J2: {=_xlfn._xlws.SORT(_xlfn.UNIQUE('All papers'!I$2:I$90))} -> No | K2: =COUNTIF('All papers'!I$2:I$90,Summary!J2) -> 81 | M2: {=_xlfn._xlws.SORT(_xlfn.UNIQUE('All papers'!K$2:K$90))} -> No | N2: =COUNTIF('All papers'!K$2:K$90,Summary!M2) -> 59 | P2: {=_xlfn._xlws.SORT(_xlfn.UNIQUE('All papers'!H$2:H$90))} -> common garden | Q2: =COUNTIF('All papers'!H$2:H$90,Summary!P2) -> 1
A3: Ecology | B3: =COUNTIF('All papers'!$D$2:$D$90,A3) -> 4 | D3: Australia | E3: =COUNTIF('All papers'!E$2:E$90,Summary!D3) -> 9 | G3: No | H3: =COUNTIF('All papers'!J$2:J$90,Summary!G3) -> 19 | J3: Yes | K3: =COUNTIF('All papers'!I$2:I$90,Summary!J3) -> 8 | M3: Yes | N3: =COUNTIF('All papers'!K$2:K$90,Summary!M3) -> 30 | P3: field study | Q3: =COUNTIF('All papers'!H$2:H$90,Summary!P3) -> 53
A4: Ecosystems | B4: =COUNTIF('All papers'!$D$2:$D$90,A4) -> 4 | D4: Asia | E4: =COUNTIF('All papers'!E$2:E$90,Summary!D4) -> 13 | G4: Mixed | H4: =COUNTIF('All papers'!J$2:J$90,Summary!G4) -> 18 | J4: Total | K4: =SUM(K2:K3) -> 89 | M4: Total | N4: =SUM(N2:N3) -> 89 | P4: greenhouse | Q4: =COUNTIF('All papers'!H$2:H$90,Summary!P4) -> 1
A5: Journal of Vegetation Science | B5: =COUNTIF('All papers'!$D$2:$D$90,A5) -> 4 | D5: Africa | E5: =COUNTIF('All papers'!E$2:E$90,Summary!D5) -> 10 | G5: Total | H5: =SUM(H2:H4) -> 89 | P5: meta-analysis | Q5: =COUNTIF('All papers'!H$2:H$90,Summary!P5) -> 1
A6: Oecologia | B6: =COUNTIF('All papers'!$D$2:$D$90,A6) -> 4 | D6: Europe | E6: =COUNTIF('All papers'!E$2:E$90,Summary!D6) -> 2 | P6: modeling | Q6: =COUNTIF('All papers'!H$2:H$90,Summary!P6) -> 18
A7: Science of the Total Environment | B7: =COUNTIF('All papers'!$D$2:$D$90,A7) -> 4 | D7: Global | E7: =COUNTIF('All papers'!E$2:E$90,Summary!D7) -> 6 | P7: remote sensing | Q7: =COUNTIF('All papers'!H$2:H$90,Summary!P7) -> 13
A8: Ecological Applications | B8: =COUNTIF('All papers'!$D$2:$D$90,A8) -> 3 | D8: South America | E8: =COUNTIF('All papers'!E$2:E$90,Summary!D8) -> 1 | P8: remote sensing, field study | Q8: =COUNTIF('All papers'!H$2:H$90,Summary!P8) -> 2
A9: Plant and Soil | B9: =COUNTIF('All papers'!$D$2:$D$90,A9) -> 3 | D9: NA | E9: =COUNTIF('All papers'!E$2:E$90,Summary!D9) -> 1 | P9: Total | Q9: =SUM(Q2:Q8) -> 89
A10: Water Resources Research | B10: =COUNTIF('All papers'!$D$2:$D$90,A10) -> 3 | D10: Total | E10: =SUM(E2:E9) -> 89
A11: Austral Ecology | B11: =COUNTIF('All papers'!$D$2:$D$90,A11) -> 2
A12: Australian Journal of Botany | B12: =COUNTIF('All papers'!$D$2:$D$90,A12) -> 2
A13: Biogeochemistry | B13: =COUNTIF('All papers'!$D$2:$D$90,A13) -> 2
A14: Dissertation | B14: =COUNTIF('All papers'!$D$2:$D$90,A14) -> 2
A15: Ecological Modelling | B15: =COUNTIF('All papers'!$D$2:$D$90,A15) -> 2
A16: Ecosphere | B16: =COUNTIF('All papers'!$D$2:$D$90,A16) -> 2
A17: Environmental Research Letters | B17: =COUNTIF('All papers'!$D$2:$D$90,A17) -> 2
A18: Geoderma | B18: =COUNTIF('All papers'!$D$2:$D$90,A18) -> 2
A19: Global Ecology and Biogeography | B19: =COUNTIF('All papers'!$D$2:$D$90,A19) -> 2
A20: Journal of Ecology | B20: =COUNTIF('All papers'!$D$2:$D$90,A20) -> 2
A21: Land Degradation & Development | B21: =COUNTIF('All papers'!$D$2:$D$90,A21) -> 2
A22: Thesis | B22: =COUNTIF('All papers'!$D$2:$D$90,A22) -> 2
... A52: Vadose Zone Journal | B52: =COUNTIF('All papers'!$D$2:$D$90,A52) -> 1
A53: Total | B53: =SUM(B2:B52) -> 89
